Name,Roll Number,Email Address
John Orozco,21311A4939,21311a4939@sreenidhi.edu.in
Jennifer Martinez,21311A2274,21311a2274@sreenidhi.edu.in
Tiffany Gutierrez,21311A1473,21311a1473@sreenidhi.edu.in
Sabrina Tapia,21311A5204,21311a5204@sreenidhi.edu.in
Matthew Ramos,21311A2030,21311a2030@sreenidhi.edu.in
Justin Wilson,21311A8766,21311a8766@sreenidhi.edu.in
Jay Frank,21311A5179,21311a5179@sreenidhi.edu.in
Karen Steele,21311A7047,21311a7047@sreenidhi.edu.in
Kevin Lucas,21311A7791,21311a7791@sreenidhi.edu.in
Kenneth Johnson,21311A9758,21311a9758@sreenidhi.edu.in
Terri Acosta,21311A5804,21311a5804@sreenidhi.edu.in
Karen Hines,21311A8062,21311a8062@sreenidhi.edu.in
Christopher Fowler,21311A5940,21311a5940@sreenidhi.edu.in
Jennifer Spence,21311A3753,21311a3753@sreenidhi.edu.in
Jesus Morgan,21311A9650,21311a9650@sreenidhi.edu.in
Stacy Henry MD,21311A7820,21311a7820@sreenidhi.edu.in
Christopher Perry,21311A2495,21311a2495@sreenidhi.edu.in
Jake Hart,21311A6648,21311a6648@sreenidhi.edu.in
Mary Smith,21311A4107,21311a4107@sreenidhi.edu.in
Justin Mccarty,21311A6126,21311a6126@sreenidhi.edu.in
Mitchell Jordan,21311A3491,21311a3491@sreenidhi.edu.in
Linda Beck,21311A3112,21311a3112@sreenidhi.edu.in
Autumn Freeman DVM,21311A9675,21311a9675@sreenidhi.edu.in
Dylan Hawkins,21311A1481,21311a1481@sreenidhi.edu.in
Lucas Brandt,21311A7430,21311a7430@sreenidhi.edu.in
Joshua King,21311A3693,21311a3693@sreenidhi.edu.in
Jennifer Choi,21311A4888,21311a4888@sreenidhi.edu.in
Christopher Poole,21311A8092,21311a8092@sreenidhi.edu.in
Andrea Baker,21311A2068,21311a2068@sreenidhi.edu.in
Eric Johnson,21311A9179,21311a9179@sreenidhi.edu.in
